Age,Population,Deaths (May 30th)
0-19,0.000025
20-29,0.00006
30-39,0.00014
40-49,0.00037
50-59,0.00128
60-69,0.0047
70-79,0.01805
80+,0.0836
