Age,mortality,population,deaths,infected,seroprevalence
0-24,0.0004330127019,3272656,0,0.0,0.0
25-44,0.0001732050808,2983946,38,219393.1022374489,0.07352448812325992
45-64,0.001428941916,3101521,484,338712.1579824942,0.10920840387103431
65-74,0.008140638796,1189567,977,120015.15169547389,0.10088977896619013
75-84,0.03126351708,704639,2189,70017.71407863623,0.09936678792777043
85+,0.1447994475,337287,3419,23611.968547048495,0.07000556958035292
