Age,mortality,population,deaths,infected,seroprevalence
0-24,0.0004330127019,3272656,0,0.0,0.0
25-44,0.0001732050808,2983946,40,230940.10761836727,0.0773941980244841
45-64,0.001428941916,3101521,487,340811.61350717914,0.10988531546527627
65-74,0.008140638796,1189567,991,121734.91845467208,0.10233548716017851
75-84,0.03126351708,704639,2220,71009.28517796822,0.10077399232510297
85+,0.1447994475,337287,3515,24274.954502157198,0.0719712129496755
