"Age Group","Mortality"
0-24,0.0004330127019
25-44,0.0001732050808
45-64,0.001428941916
65-74,0.008140638796
75-84,0.03126351708
85+,0.1447994475